{
  "scheduleData": [
    {
      "activityId": 1001501,
      "beginTime": "1664308800",
      "endTime": "4294967295",
      "panelId": 10015
    },
    {
      "activityId": 1001601,
      "beginTime": "1664308800",
      "endTime": "4294967295",
      "panelId": 10016
    },
    {
      "activityId": 1001701,
      "beginTime": "1664308800",
      "endTime": "4294967295",
      "panelId": 10017
    },
    {
      "activityId": 1001901,
      "beginTime": "1664308800",
      "endTime": "4294967295",
      "panelId": 10019
    },
    {
      "activityId": 1002001,
      "beginTime": "1732219200",
      "endTime": "1732823999",
      "panelId": 10077
    },
    {
      "activityId": 1002501,
      "beginTime": "1664308800",
      "endTime": "4294967295",
      "panelId": 10025
    },
    {
      "activityId": 1002601,
      "beginTime": "1730836800",
      "endTime": "1731441599",
      "panelId": 10078
    },
    {
      "activityId": 1004101,
      "beginTime": "1704657600",
      "endTime": "4294967295",
      "panelId": 10041
    },
    {
      "activityId": 1006001,
      "beginTime": "1729454400",
      "endTime": "1733169599",
      "panelId": 10060
    },
    {
      "activityId": 1006201,
      "beginTime": "1718568000",
      "endTime": "4294967295",
      "panelId": 10066
    },
    {
      "activityId": 1006801,
      "beginTime": "1718568000",
      "endTime": "4294967295",
      "panelId": 10068
    },
    {
      "activityId": 1007901,
      "beginTime": "1729638000",
      "endTime": "1733266799",
      "panelId": 10079
    },
    {
      "activityId": 2000602,
      "beginTime": "1731470400",
      "endTime": "1733209199",
      "panelId": 20045
    },
    {
      "activityId": 2000604,
      "beginTime": "1729454400",
      "endTime": "1731470399",
      "panelId": 20044
    },
    {
      "activityId": 2000903,
      "beginTime": "1731470400",
      "endTime": "1733209199",
      "panelId": 20045
    },
    {
      "activityId": 2001101,
      "beginTime": "1664308800",
      "endTime": "4294967295",
      "panelId": 20011
    },
    {
      "activityId": 2001102,
      "beginTime": "1664308800",
      "endTime": "4294967295",
      "panelId": 20011
    },
    {
      "activityId": 2001103,
      "beginTime": "1664308800",
      "endTime": "4294967295",
      "panelId": 20011
    },
    {
      "activityId": 2001104,
      "beginTime": "1664308800",
      "endTime": "4294967295",
      "panelId": 20011
    },
    {
      "activityId": 2001105,
      "beginTime": "1664308800",
      "endTime": "4294967295",
      "panelId": 20011
    },
    {
      "activityId": 2001106,
      "beginTime": "1664308800",
      "endTime": "4294967295",
      "panelId": 20011
    },
    {
      "activityId": 2001107,
      "beginTime": "1664308800",
      "endTime": "4294967295",
      "panelId": 20011
    },
    {
      "activityId": 2001108,
      "beginTime": "1664308800",
      "endTime": "4294967295",
      "panelId": 20011
    },
    {
      "activityId": 2001201,
      "beginTime": "1729454400",
      "endTime": "1731470399",
      "panelId": 20044
    },
    {
      "activityId": 2001202,
      "beginTime": "1731470400",
      "endTime": "1733209199",
      "panelId": 20045
    },
    {
      "activityId": 2001302,
      "beginTime": "1729454400",
      "endTime": "1731470399",
      "panelId": 20044
    },
    {
      "activityId": 2002303,
      "beginTime": "1729454400",
      "endTime": "1731470399",
      "panelId": 20044
    },
    {
      "activityId": 2002801,
      "beginTime": "1731470400",
      "endTime": "1733209199",
      "panelId": 20045
    },
    {
      "activityId": 2002901,
      "beginTime": "1731470400",
      "endTime": "1733209199",
      "panelId": 20045
    },
    {
      "activityId": 2004400,
      "beginTime": "1729454400",
      "endTime": "1731470399",
      "panelId": 20044
    },
    {
      "activityId": 2004401,
      "beginTime": "1729454400",
      "endTime": "1731470399",
      "panelId": 20044
    },
    {
      "activityId": 2004500,
      "beginTime": "1731470400",
      "endTime": "1733209199",
      "panelId": 20045
    },
    {
      "activityId": 3000801,
      "beginTime": "1703448000",
      "endTime": "4294967295",
      "panelId": 30008
    },
    {
      "activityId": 3001101,
      "beginTime": "1730347200",
      "endTime": "1731268799",
      "panelId": 30011
    },
    {
      "activityId": 3001102,
      "beginTime": "1730404800",
      "endTime": "1731268799",
      "panelId": 30011
    },
    {
      "activityId": 3001103,
      "beginTime": "1730491200",
      "endTime": "1731268799",
      "panelId": 30011
    },
    {
      "activityId": 3001104,
      "beginTime": "1730577600",
      "endTime": "1731268799",
      "panelId": 30011
    },
    {
      "activityId": 3001105,
      "beginTime": "1730664000",
      "endTime": "1731268799",
      "panelId": 30011
    },
    {
      "activityId": 3001106,
      "beginTime": "1730750400",
      "endTime": "1731268799",
      "panelId": 30011
    },
    {
      "activityId": 3001107,
      "beginTime": "1730836800",
      "endTime": "1731268799",
      "panelId": 30011
    },
    {
      "activityId": 3001201,
      "beginTime": "1731441600",
      "endTime": "1733083199",
      "panelId": 30012
    },
    {
      "activityId": 3001202,
      "beginTime": "1732737600",
      "endTime": "1733083199",
      "panelId": 30012
    },
    {
      "activityId": 4000208,
      "beginTime": "1689912000",
      "endTime": "4294967295",
      "panelId": 40002
    },
    {
      "activityId": 4000301,
      "beginTime": "1701835200",
      "endTime": "4294967295",
      "panelId": 40003
    },
    {
      "activityId": 4000302,
      "beginTime": "1701892800",
      "endTime": "4294967295",
      "panelId": 40003
    },
    {
      "activityId": 4000303,
      "beginTime": "1701979200",
      "endTime": "4294967295",
      "panelId": 40003
    },
    {
      "activityId": 4000304,
      "beginTime": "1702065600",
      "endTime": "4294967295",
      "panelId": 40003
    },
    {
      "activityId": 4000305,
      "beginTime": "1702152000",
      "endTime": "4294967295",
      "panelId": 40003
    },
    {
      "activityId": 4000306,
      "beginTime": "1702238400",
      "endTime": "4294967295",
      "panelId": 40003
    },
    {
      "activityId": 4000307,
      "beginTime": "1702324800",
      "endTime": "4294967295",
      "panelId": 40003
    },
    {
      "activityId": 5000002,
      "beginTime": "1684461600",
      "endTime": "4294967295",
      "panelId": 50000
    },
    {
      "activityId": 5000003,
      "beginTime": "1684526400",
      "endTime": "4294967295",
      "panelId": 50000
    },
    {
      "activityId": 5000004,
      "beginTime": "1684612800",
      "endTime": "4294967295",
      "panelId": 50000
    },
    {
      "activityId": 5000005,
      "beginTime": "1684699200",
      "endTime": "4294967295",
      "panelId": 50000
    },
    {
      "activityId": 5000006,
      "beginTime": "1684785600",
      "endTime": "4294967295",
      "panelId": 50000
    },
    {
      "activityId": 5000007,
      "beginTime": "1684461600",
      "endTime": "4294967295",
      "panelId": 50000
    },
    {
      "activityId": 5000008,
      "beginTime": "1684526400",
      "endTime": "4294967295",
      "panelId": 50000
    },
    {
      "activityId": 5000009,
      "beginTime": "1684612800",
      "endTime": "4294967295",
      "panelId": 50000
    },
    {
      "activityId": 5000010,
      "beginTime": "1684699200",
      "endTime": "4294967295",
      "panelId": 50000
    },
    {
      "activityId": 5000011,
      "beginTime": "1684785600",
      "endTime": "4294967295",
      "panelId": 50000
    },
    {
      "activityId": 5000013,
      "beginTime": "1685908800",
      "endTime": "4294967295",
      "panelId": 50000
    },
    {
      "activityId": 5000105,
      "beginTime": "1685908800",
      "endTime": "4294967295",
      "panelId": 50001
    },
    {
      "activityId": 5000106,
      "beginTime": "1685908800",
      "endTime": "4294967295",
      "panelId": 50001
    },
    {
      "activityId": 5000107,
      "beginTime": "1685908800",
      "endTime": "4294967295",
      "panelId": 50001
    },
    {
      "activityId": 5000201,
      "beginTime": "1686276000",
      "endTime": "4294967295",
      "panelId": 50002
    },
    {
      "activityId": 5000202,
      "beginTime": "1686340800",
      "endTime": "4294967295",
      "panelId": 50002
    },
    {
      "activityId": 5000203,
      "beginTime": "1686513600",
      "endTime": "4294967295",
      "panelId": 50002
    },
    {
      "activityId": 5000204,
      "beginTime": "1686513600",
      "endTime": "4294967295",
      "panelId": 50002
    },
    {
      "activityId": 5000301,
      "beginTime": "1693454400",
      "endTime": "4294967295",
      "panelId": 50003
    },
    {
      "activityId": 5000302,
      "beginTime": "1693454400",
      "endTime": "4294967295",
      "panelId": 50003
    },
    {
      "activityId": 5000303,
      "beginTime": "1693454400",
      "endTime": "4294967295",
      "panelId": 50003
    },
    {
      "activityId": 5000304,
      "beginTime": "1693454400",
      "endTime": "4294967295",
      "panelId": 50003
    },
    {
      "activityId": 5000408,
      "beginTime": "1691553600",
      "endTime": "4294967295",
      "panelId": 50004
    },
    {
      "activityId": 5000501,
      "beginTime": "1696881600",
      "endTime": "4294967295",
      "panelId": 50005
    },
    {
      "activityId": 5000502,
      "beginTime": "1696881600",
      "endTime": "4294967295",
      "panelId": 50005
    },
    {
      "activityId": 5000503,
      "beginTime": "1696881600",
      "endTime": "4294967295",
      "panelId": 50005
    },
    {
      "activityId": 5000504,
      "beginTime": "1696881600",
      "endTime": "4294967295",
      "panelId": 50005
    },
    {
      "activityId": 5000505,
      "beginTime": "1696881600",
      "endTime": "4294967295",
      "panelId": 50005
    },
    {
      "activityId": 5000601,
      "beginTime": "1699905600",
      "endTime": "4294967295",
      "panelId": 50006
    },
    {
      "activityId": 5000602,
      "beginTime": "1699905600",
      "endTime": "4294967295",
      "panelId": 50006
    },
    {
      "activityId": 5000603,
      "beginTime": "1699905600",
      "endTime": "4294967295",
      "panelId": 50006
    },
    {
      "activityId": 5000604,
      "beginTime": "1699905600",
      "endTime": "4294967295",
      "panelId": 50006
    },
    {
      "activityId": 5000605,
      "beginTime": "1699905600",
      "endTime": "4294967295",
      "panelId": 50006
    },
    {
      "activityId": 5000702,
      "beginTime": "1707364800",
      "endTime": "4294967295",
      "panelId": 50007
    },
    {
      "activityId": 5000902,
      "beginTime": "1711684800",
      "endTime": "4294967295",
      "panelId": 50009
    },
    {
      "activityId": 5001202,
      "beginTime": "1714939200",
      "endTime": "4294967295",
      "panelId": 50012
    },
    {
      "activityId": 5001401,
      "beginTime": "1718942400",
      "endTime": "4294967295",
      "panelId": 50014
    },
    {
      "activityId": 5001501,
      "beginTime": "1722196800",
      "endTime": "4294967295",
      "panelId": 50015
    },
    {
      "activityId": 5001802,
      "beginTime": "1725825600",
      "endTime": "4294967295",
      "panelId": 50018
    },
    {
      "activityId": 5002102,
      "beginTime": "1727668800",
      "endTime": "4294967295",
      "panelId": 50021
    },
    {
      "activityId": 5002201,
      "beginTime": "1729828800",
      "endTime": "1733083199",
      "panelId": 50022
    },
    {
      "activityId": 5002202,
      "beginTime": "1729828800",
      "endTime": "4294967295",
      "panelId": 50022
    },
    {
      "activityId": 6000101,
      "beginTime": "1664308800",
      "endTime": "4294967295",
      "panelId": 60001
    },
    {
      "activityId": 6000302,
      "beginTime": "1693972800",
      "endTime": "4294967295",
      "panelId": 60003
    },
    {
      "activityId": 6000901,
      "beginTime": "1664308800",
      "endTime": "4294967295",
      "panelId": 60009
    },
    {
      "activityId": 6001201,
      "beginTime": "1725825600",
      "endTime": "1733263200",
      "panelId": 60012
    },
    {
      "activityId": 6001401,
      "beginTime": "1718568000",
      "endTime": "1740520800",
      "panelId": 60014
    },
    {
      "activityId": 6001501,
      "beginTime": "1729454400",
      "endTime": "2117600895",
      "panelId": 60015
    },
    {
      "activityId": 6001601,
      "beginTime": "1729454400",
      "endTime": "4294967295",
      "panelId": 60016
    },
    {
      "activityId": 8001201,
      "beginTime": "1729638000",
      "endTime": "1733266799",
      "panelId": 80012
    }
  ]
}