[
    {
        "EntranceId": 8020701,
        "RoomPrefix": 211,
        "BlockType": "MonsterBoss",
        "AnchorGroup": 11,
        "AnchorId": 1,
        "DefaultLoadBasicGroup": [
            10,
            11
        ],
        "DefaultLoadGroup": [
            12
        ]
    },
    {
        "EntranceId": 8020701,
        "RoomPrefix": 211,
        "BlockType": "Respite",
        "AnchorGroup": 14,
        "AnchorId": 1,
        "DefaultLoadBasicGroup": [
            13,
            14
        ],
        "DefaultLoadGroup": [
            15
        ]
    },
    {
        "EntranceId": 8020701,
        "RoomPrefix": 211,
        "BlockType": "MonsterNormal",
        "AnchorGroup": 17,
        "AnchorId": 1,
        "DefaultLoadBasicGroup": [
            16,
            17
        ],
        "DefaultLoadGroup": [
            18
        ],
        "SubMonsterGroup": [
            19
        ]
    },
    {
        "EntranceId": 8020701,
        "RoomPrefix": 211,
        "BlockType": "Event",
        "AnchorGroup": 72,
        "AnchorId": 1,
        "DefaultLoadBasicGroup": [
            16,
            72
        ],
        "DefaultLoadGroup": [
            73
        ],
        "DoubleEventLoadGroup": [
            135,
            136
        ],
        "SelectEventLoadGroup": [
            137,
            138,
            139
        ]
    },
    {
        "EntranceId": 8020701,
        "RoomPrefix": 211,
        "BlockType": "MonsterNormal",
        "AnchorGroup": 21,
        "AnchorId": 1,
        "DefaultLoadBasicGroup": [
            20,
            21
        ],
        "DefaultLoadGroup": [
            22
        ]
    },
    {
        "EntranceId": 8020701,
        "RoomPrefix": 211,
        "BlockType": "Event",
        "AnchorGroup": 21,
        "AnchorId": 1,
        "DefaultLoadBasicGroup": [
            20,
            21
        ],
        "DefaultLoadGroup": [
            76
        ]
    },
    {
        "EntranceId": 8020701,
        "RoomPrefix": 211,
        "BlockType": "Empty",
        "AnchorGroup": 64,
        "AnchorId": 1,
        "DefaultLoadBasicGroup": [
            20,
            64
        ]
    },
    {
        "EntranceId": 8020701,
        "RoomPrefix": 211,
        "BlockType": "MonsterNormal",
        "AnchorGroup": 108,
        "AnchorId": 1,
        "DefaultLoadBasicGroup": [
            107,
            108
        ],
        "DefaultLoadGroup": [
            109
        ],
        "SubMonsterGroup": [
            110,
            111
        ]
    },
    {
        "EntranceId": 8020701,
        "RoomPrefix": 211,
        "BlockType": "MonsterNormal",
        "AnchorGroup": 24,
        "AnchorId": 1,
        "DefaultLoadBasicGroup": [
            23,
            24
        ],
        "DefaultLoadGroup": [
            25
        ]
    },
    {
        "EntranceId": 8020701,
        "RoomPrefix": 211,
        "BlockType": "Trade",
        "AnchorGroup": 57,
        "AnchorId": 1,
        "DefaultLoadBasicGroup": [
            23,
            57
        ],
        "DefaultLoadGroup": [
            58,
            95
        ]
    },
    {
        "EntranceId": 8020701,
        "RoomPrefix": 211,
        "BlockType": "MonsterNormal",
        "AnchorGroup": 27,
        "AnchorId": 1,
        "DefaultLoadBasicGroup": [
            26,
            27
        ],
        "DefaultLoadGroup": [
            28
        ]
    },
    {
        "EntranceId": 8020701,
        "RoomPrefix": 211,
        "BlockType": "Event",
        "AnchorGroup": 27,
        "AnchorId": 1,
        "DefaultLoadBasicGroup": [
            26,
            27
        ],
        "DefaultLoadGroup": [
            79
        ]
    },
    {
        "EntranceId": 8020701,
        "RoomPrefix": 211,
        "BlockType": "Event",
        "AnchorGroup": 30,
        "AnchorId": 1,
        "DefaultLoadBasicGroup": [
            29,
            30
        ],
        "DefaultLoadGroup": [
            31
        ]
    },
    {
        "EntranceId": 8020701,
        "RoomPrefix": 211,
        "BlockType": "MonsterElite",
        "AnchorGroup": 61,
        "AnchorId": 1,
        "DefaultLoadBasicGroup": [
            29,
            61
        ],
        "DefaultLoadGroup": [
            62
        ]
    },
    {
        "EntranceId": 8020701,
        "RoomPrefix": 211,
        "BlockType": "Empty",
        "AnchorGroup": 89,
        "AnchorId": 1,
        "DefaultLoadBasicGroup": [
            29,
            89
        ]
    },
    {
        "EntranceId": 8020701,
        "RoomPrefix": 211,
        "BlockType": "Trade",
        "AnchorGroup": 53,
        "AnchorId": 1,
        "DefaultLoadBasicGroup": [
            32,
            53
        ],
        "DefaultLoadGroup": [
            54,
            96
        ]
    },
    {
        "EntranceId": 8020701,
        "RoomPrefix": 211,
        "BlockType": "Event",
        "AnchorGroup": 33,
        "AnchorId": 1,
        "DefaultLoadBasicGroup": [
            32,
            33
        ],
        "DefaultLoadGroup": [
            34
        ]
    },
    {
        "EntranceId": 8020701,
        "RoomPrefix": 211,
        "BlockType": "MonsterNormal",
        "AnchorGroup": 36,
        "AnchorId": 1,
        "DefaultLoadBasicGroup": [
            35,
            36
        ],
        "DefaultLoadGroup": [
            84
        ]
    },
    {
        "EntranceId": 8020701,
        "RoomPrefix": 211,
        "BlockType": "Event",
        "AnchorGroup": 36,
        "AnchorId": 1,
        "DefaultLoadBasicGroup": [
            35,
            36
        ],
        "DefaultLoadGroup": [
            37
        ],
        "DoubleEventLoadGroup": [
            140,
            141
        ],
        "SelectEventLoadGroup": [
            142,
            143,
            144
        ]
    },
    {
        "EntranceId": 8020701,
        "RoomPrefix": 211,
        "BlockType": "MonsterElite",
        "AnchorGroup": 55,
        "AnchorId": 1,
        "DefaultLoadBasicGroup": [
            35,
            55
        ],
        "DefaultLoadGroup": [
            56
        ]
    },
    {
        "EntranceId": 8020701,
        "RoomPrefix": 211,
        "BlockType": "Empty",
        "AnchorGroup": 85,
        "AnchorId": 1,
        "DefaultLoadBasicGroup": [
            35,
            85
        ]
    },
    {
        "EntranceId": 8020701,
        "RoomPrefix": 211,
        "BlockType": "MonsterNormal",
        "AnchorGroup": 43,
        "AnchorId": 1,
        "DefaultLoadBasicGroup": [
            42,
            43
        ],
        "DefaultLoadGroup": [
            44
        ],
        "SubMonsterGroup": [
            46,
            45
        ]
    },
    {
        "EntranceId": 8020701,
        "RoomPrefix": 211,
        "BlockType": "MonsterNormal",
        "AnchorGroup": 48,
        "AnchorId": 1,
        "DefaultLoadBasicGroup": [
            47,
            48
        ],
        "DefaultLoadGroup": [
            49
        ],
        "SubMonsterGroup": [
            50,
            51
        ]
    },
    {
        "EntranceId": 8020701,
        "RoomPrefix": 211,
        "BlockType": "MonsterNormal",
        "AnchorGroup": 113,
        "AnchorId": 1,
        "DefaultLoadBasicGroup": [
            112,
            113
        ],
        "DefaultLoadGroup": [
            114
        ],
        "SubMonsterGroup": [
            115,
            116
        ]
    },
    {
        "EntranceId": 8020701,
        "RoomPrefix": 211,
        "BlockType": "Trade",
        "AnchorGroup": 118,
        "AnchorId": 1,
        "DefaultLoadBasicGroup": [
            117,
            118
        ],
        "DefaultLoadGroup": [
            119,
            120
        ]
    },
    {
        "EntranceId": 8020701,
        "RoomPrefix": 211,
        "BlockType": "MonsterNormal",
        "AnchorGroup": 78,
        "AnchorId": 1,
        "DefaultLoadBasicGroup": [
            77,
            78
        ],
        "DefaultLoadGroup": [
            80
        ],
        "SubMonsterGroup": [
            83
        ]
    },
    {
        "EntranceId": 8020701,
        "RoomPrefix": 211,
        "BlockType": "Empty",
        "AnchorGroup": 104,
        "AnchorId": 1,
        "DefaultLoadBasicGroup": [
            102,
            104
        ]
    },
    {
        "EntranceId": 8020701,
        "RoomPrefix": 211,
        "BlockType": "Event",
        "AnchorGroup": 103,
        "AnchorId": 1,
        "DefaultLoadBasicGroup": [
            102,
            103
        ],
        "DefaultLoadGroup": [
            105
        ]
    },
    {
        "EntranceId": 8020701,
        "RoomPrefix": 211,
        "BlockType": "MonsterNormal",
        "AnchorGroup": 103,
        "AnchorId": 1,
        "DefaultLoadBasicGroup": [
            102,
            103
        ],
        "DefaultLoadGroup": [
            106
        ]
    },
    {
        "EntranceId": 8020901,
        "RoomPrefix": 222,
        "BlockType": "MonsterBoss",
        "AnchorGroup": 30,
        "AnchorId": 1,
        "DefaultLoadBasicGroup": [
            29,
            30
        ],
        "DefaultLoadGroup": [
            31
        ]
    },
    {
        "EntranceId": 8020901,
        "RoomPrefix": 222,
        "BlockType": "Respite",
        "AnchorGroup": 34,
        "AnchorId": 1,
        "DefaultLoadBasicGroup": [
            33,
            34
        ],
        "DefaultLoadGroup": [
            35
        ]
    },
    {
        "EntranceId": 8020901,
        "RoomPrefix": 222,
        "BlockType": "Trade",
        "AnchorGroup": 38,
        "AnchorId": 1,
        "DefaultLoadBasicGroup": [
            37,
            38
        ],
        "DefaultLoadGroup": [
            39,
            92
        ]
    },
    {
        "EntranceId": 8020901,
        "RoomPrefix": 222,
        "BlockType": "Trade",
        "AnchorGroup": 41,
        "AnchorId": 1,
        "DefaultLoadBasicGroup": [
            40,
            41
        ],
        "DefaultLoadGroup": [
            42,
            93
        ]
    },
    {
        "EntranceId": 8020901,
        "RoomPrefix": 222,
        "BlockType": "Trade",
        "AnchorGroup": 98,
        "AnchorId": 1,
        "DefaultLoadBasicGroup": [
            97,
            98
        ],
        "DefaultLoadGroup": [
            101,
            100
        ]
    },
    {
        "EntranceId": 8020901,
        "RoomPrefix": 222,
        "BlockType": "MonsterElite",
        "AnchorGroup": 44,
        "AnchorId": 1,
        "DefaultLoadBasicGroup": [
            43,
            44
        ],
        "DefaultLoadGroup": [
            45
        ]
    },
    {
        "EntranceId": 8020901,
        "RoomPrefix": 222,
        "BlockType": "Event",
        "AnchorGroup": 47,
        "AnchorId": 1,
        "DefaultLoadBasicGroup": [
            43,
            47
        ],
        "DefaultLoadGroup": [
            46
        ]
    },
    {
        "EntranceId": 8020901,
        "RoomPrefix": 222,
        "BlockType": "MonsterNormal",
        "AnchorGroup": 48,
        "AnchorId": 1,
        "DefaultLoadBasicGroup": [
            43,
            48
        ],
        "DefaultLoadGroup": [
            50
        ],
        "SubMonsterGroup": [
            51
        ]
    },
    {
        "EntranceId": 8020901,
        "RoomPrefix": 222,
        "BlockType": "Empty",
        "AnchorGroup": 49,
        "AnchorId": 1,
        "DefaultLoadBasicGroup": [
            43,
            49
        ]
    },
    {
        "EntranceId": 8020901,
        "RoomPrefix": 222,
        "BlockType": "Event",
        "AnchorGroup": 55,
        "AnchorId": 1,
        "DefaultLoadBasicGroup": [
            52,
            55
        ],
        "DefaultLoadGroup": [
            56
        ],
        "DoubleEventLoadGroup": [
            102,
            103
        ],
        "SelectEventLoadGroup": [
            104,
            105,
            106
        ]
    },
    {
        "EntranceId": 8020901,
        "RoomPrefix": 222,
        "BlockType": "MonsterNormal",
        "AnchorGroup": 55,
        "AnchorId": 1,
        "DefaultLoadBasicGroup": [
            52,
            55
        ],
        "DefaultLoadGroup": [
            54
        ]
    },
    {
        "EntranceId": 8020901,
        "RoomPrefix": 222,
        "BlockType": "MonsterNormal",
        "AnchorGroup": 57,
        "AnchorId": 1,
        "DefaultLoadBasicGroup": [
            52,
            57
        ],
        "DefaultLoadGroup": [
            58
        ],
        "SubMonsterGroup": [
            59
        ]
    },
    {
        "EntranceId": 8020901,
        "RoomPrefix": 222,
        "BlockType": "Empty",
        "AnchorGroup": 60,
        "AnchorId": 1,
        "DefaultLoadBasicGroup": [
            52,
            60
        ]
    },
    {
        "EntranceId": 8020901,
        "RoomPrefix": 222,
        "BlockType": "MonsterElite",
        "AnchorGroup": 63,
        "AnchorId": 1,
        "DefaultLoadBasicGroup": [
            62,
            63
        ],
        "DefaultLoadGroup": [
            65
        ]
    },
    {
        "EntranceId": 8020901,
        "RoomPrefix": 222,
        "BlockType": "Empty",
        "AnchorGroup": 64,
        "AnchorId": 1,
        "DefaultLoadBasicGroup": [
            62,
            64
        ]
    },
    {
        "EntranceId": 8020901,
        "RoomPrefix": 222,
        "BlockType": "MonsterNormal",
        "AnchorGroup": 70,
        "AnchorId": 1,
        "DefaultLoadBasicGroup": [
            69,
            70
        ],
        "DefaultLoadGroup": [
            73
        ]
    },
    {
        "EntranceId": 8020901,
        "RoomPrefix": 222,
        "BlockType": "Event",
        "AnchorGroup": 70,
        "AnchorId": 1,
        "DefaultLoadBasicGroup": [
            69,
            70
        ],
        "DefaultLoadGroup": [
            72
        ],
        "DoubleEventLoadGroup": [
            107,
            108
        ],
        "SelectEventLoadGroup": [
            109,
            110,
            111
        ]
    },
    {
        "EntranceId": 8020901,
        "RoomPrefix": 222,
        "BlockType": "Empty",
        "AnchorGroup": 71,
        "AnchorId": 1,
        "DefaultLoadBasicGroup": [
            69,
            71
        ]
    },
    {
        "EntranceId": 8020901,
        "RoomPrefix": 222,
        "BlockType": "MonsterNormal",
        "AnchorGroup": 75,
        "AnchorId": 1,
        "DefaultLoadBasicGroup": [
            74,
            75
        ],
        "DefaultLoadGroup": [
            76
        ],
        "SubMonsterGroup": [
            77,
            78
        ]
    },
    {
        "EntranceId": 8020901,
        "RoomPrefix": 222,
        "BlockType": "MonsterNormal",
        "AnchorGroup": 80,
        "AnchorId": 1,
        "DefaultLoadBasicGroup": [
            79,
            80
        ],
        "DefaultLoadGroup": [
            81
        ],
        "SubMonsterGroup": [
            82,
            83
        ]
    },
    {
        "EntranceId": 8020901,
        "RoomPrefix": 222,
        "BlockType": "MonsterNormal",
        "AnchorGroup": 85,
        "AnchorId": 1,
        "DefaultLoadBasicGroup": [
            84,
            85
        ],
        "DefaultLoadGroup": [
            87
        ]
    },
    {
        "EntranceId": 8020901,
        "RoomPrefix": 222,
        "BlockType": "Event",
        "AnchorGroup": 85,
        "AnchorId": 1,
        "DefaultLoadBasicGroup": [
            84,
            85
        ],
        "DefaultLoadGroup": [
            86
        ]
    },
    {
        "EntranceId": 8020901,
        "RoomPrefix": 222,
        "BlockType": "MonsterNormal",
        "AnchorGroup": 89,
        "AnchorId": 1,
        "DefaultLoadBasicGroup": [
            88,
            89
        ],
        "DefaultLoadGroup": [
            91
        ]
    },
    {
        "EntranceId": 8020901,
        "RoomPrefix": 222,
        "BlockType": "Event",
        "AnchorGroup": 89,
        "AnchorId": 1,
        "DefaultLoadBasicGroup": [
            88,
            89
        ],
        "DefaultLoadGroup": [
            90
        ]
    },
    {
        "EntranceId": 8020901,
        "RoomPrefix": 222,
        "BlockType": "MonsterNormal",
        "AnchorGroup": 95,
        "AnchorId": 1,
        "DefaultLoadBasicGroup": [
            94,
            95
        ],
        "DefaultLoadGroup": [
            96
        ]
    },
    {
        "EntranceId": 8020401,
        "RoomPrefix": 122,
        "BlockType": "Respite",
        "AnchorGroup": 11,
        "AnchorId": 1,
        "DefaultLoadBasicGroup": [
            21,
            11
        ],
        "DefaultLoadGroup": [
            12
        ]
    },
    {
        "EntranceId": 8020401,
        "RoomPrefix": 122,
        "BlockType": "Event",
        "AnchorGroup": 13,
        "AnchorId": 1,
        "DefaultLoadBasicGroup": [
            20,
            13
        ],
        "DefaultLoadGroup": [
            14
        ],
        "DoubleEventLoadGroup": [
            92,
            93
        ],
        "SelectEventLoadGroup": [
            94,
            95,
            96
        ]
    },
    {
        "EntranceId": 8020401,
        "RoomPrefix": 122,
        "BlockType": "MonsterNormal",
        "AnchorGroup": 13,
        "AnchorId": 1,
        "DefaultLoadBasicGroup": [
            20,
            13
        ],
        "DefaultLoadGroup": [
            75
        ]
    },
    {
        "EntranceId": 8020401,
        "RoomPrefix": 122,
        "BlockType": "MonsterElite",
        "AnchorGroup": 58,
        "AnchorId": 1,
        "DefaultLoadBasicGroup": [
            20,
            58
        ],
        "DefaultLoadGroup": [
            59
        ]
    },
    {
        "EntranceId": 8020401,
        "RoomPrefix": 122,
        "BlockType": "Event",
        "AnchorGroup": 15,
        "AnchorId": 1,
        "DefaultLoadBasicGroup": [
            17,
            15
        ],
        "DefaultLoadGroup": [
            66
        ]
    },
    {
        "EntranceId": 8020401,
        "RoomPrefix": 122,
        "BlockType": "MonsterNormal",
        "AnchorGroup": 15,
        "AnchorId": 1,
        "DefaultLoadBasicGroup": [
            17,
            15
        ],
        "DefaultLoadGroup": [
            16
        ]
    },
    {
        "EntranceId": 8020401,
        "RoomPrefix": 122,
        "BlockType": "MonsterNormal",
        "AnchorGroup": 65,
        "AnchorId": 1,
        "DefaultLoadBasicGroup": [
            17,
            65
        ],
        "DefaultLoadGroup": [
            67
        ],
        "SubMonsterGroup": [
            68
        ]
    },
    {
        "EntranceId": 8020401,
        "RoomPrefix": 122,
        "BlockType": "Event",
        "AnchorGroup": 23,
        "AnchorId": 1,
        "DefaultLoadBasicGroup": [
            22,
            23
        ],
        "DefaultLoadGroup": [
            24
        ]
    },
    {
        "EntranceId": 8020401,
        "RoomPrefix": 122,
        "BlockType": "MonsterNormal",
        "AnchorGroup": 23,
        "AnchorId": 1,
        "DefaultLoadBasicGroup": [
            22,
            23
        ],
        "DefaultLoadGroup": [
            69
        ]
    },
    {
        "EntranceId": 8020401,
        "RoomPrefix": 122,
        "BlockType": "Event",
        "AnchorGroup": 82,
        "AnchorId": 1,
        "DefaultLoadBasicGroup": [
            81,
            82
        ],
        "DefaultLoadGroup": [
            83
        ]
    },
    {
        "EntranceId": 8020401,
        "RoomPrefix": 122,
        "BlockType": "MonsterNormal",
        "AnchorGroup": 82,
        "AnchorId": 1,
        "DefaultLoadBasicGroup": [
            81,
            82
        ],
        "DefaultLoadGroup": [
            84
        ]
    },
    {
        "EntranceId": 8020401,
        "RoomPrefix": 122,
        "BlockType": "MonsterBoss",
        "AnchorGroup": 32,
        "AnchorId": 1,
        "DefaultLoadBasicGroup": [
            31,
            32
        ],
        "DefaultLoadGroup": [
            33
        ]
    },
    {
        "EntranceId": 8020401,
        "RoomPrefix": 122,
        "BlockType": "MonsterNormal",
        "AnchorGroup": 35,
        "AnchorId": 1,
        "DefaultLoadBasicGroup": [
            34,
            35
        ],
        "DefaultLoadGroup": [
            36
        ],
        "SubMonsterGroup": [
            37
        ]
    },
    {
        "EntranceId": 8020401,
        "RoomPrefix": 122,
        "BlockType": "MonsterNormal",
        "AnchorGroup": 70,
        "AnchorId": 1,
        "DefaultLoadBasicGroup": [
            34,
            70
        ],
        "DefaultLoadGroup": [
            72
        ]
    },
    {
        "EntranceId": 8020401,
        "RoomPrefix": 122,
        "BlockType": "Event",
        "AnchorGroup": 70,
        "AnchorId": 1,
        "DefaultLoadBasicGroup": [
            34,
            70
        ],
        "DefaultLoadGroup": [
            71
        ]
    },
    {
        "EntranceId": 8020401,
        "RoomPrefix": 122,
        "BlockType": "MonsterNormal",
        "AnchorGroup": 39,
        "AnchorId": 1,
        "DefaultLoadBasicGroup": [
            38,
            39
        ],
        "DefaultLoadGroup": [
            40
        ],
        "SubMonsterGroup": [
            41,
            42
        ]
    },
    {
        "EntranceId": 8020401,
        "RoomPrefix": 122,
        "BlockType": "Empty",
        "AnchorGroup": 76,
        "AnchorId": 1,
        "DefaultLoadBasicGroup": [
            43,
            76
        ]
    },
    {
        "EntranceId": 8020401,
        "RoomPrefix": 122,
        "BlockType": "Event",
        "AnchorGroup": 44,
        "AnchorId": 1,
        "DefaultLoadBasicGroup": [
            43,
            44
        ],
        "DefaultLoadGroup": [
            45
        ],
        "DoubleEventLoadGroup": [
            97,
            98
        ],
        "SelectEventLoadGroup": [
            99,
            100,
            101
        ]
    },
    {
        "EntranceId": 8020401,
        "RoomPrefix": 122,
        "BlockType": "Trade",
        "AnchorGroup": 62,
        "AnchorId": 1,
        "DefaultLoadBasicGroup": [
            43,
            62
        ],
        "DefaultLoadGroup": [
            63,
            77
        ]
    },
    {
        "EntranceId": 8020401,
        "RoomPrefix": 122,
        "BlockType": "MonsterElite",
        "AnchorGroup": 60,
        "AnchorId": 1,
        "DefaultLoadBasicGroup": [
            43,
            60
        ],
        "DefaultLoadGroup": [
            61
        ]
    },
    {
        "EntranceId": 8020401,
        "RoomPrefix": 122,
        "BlockType": "MonsterNormal",
        "AnchorGroup": 47,
        "AnchorId": 1,
        "DefaultLoadBasicGroup": [
            46,
            47
        ],
        "DefaultLoadGroup": [
            48
        ],
        "SubMonsterGroup": [
            49,
            50
        ]
    },
    {
        "EntranceId": 8020401,
        "RoomPrefix": 122,
        "BlockType": "MonsterNormal",
        "AnchorGroup": 52,
        "AnchorId": 1,
        "DefaultLoadBasicGroup": [
            51,
            52
        ],
        "DefaultLoadGroup": [
            53
        ]
    },
    {
        "EntranceId": 8020401,
        "RoomPrefix": 122,
        "BlockType": "MonsterNormal",
        "AnchorGroup": 73,
        "AnchorId": 1,
        "DefaultLoadBasicGroup": [
            51,
            73
        ],
        "DefaultLoadGroup": [
            79
        ],
        "SubMonsterGroup": [
            80
        ]
    },
    {
        "EntranceId": 8020401,
        "RoomPrefix": 122,
        "BlockType": "Empty",
        "AnchorGroup": 74,
        "AnchorId": 1,
        "DefaultLoadBasicGroup": [
            51,
            74
        ]
    },
    {
        "EntranceId": 8020401,
        "RoomPrefix": 122,
        "BlockType": "Trade",
        "AnchorGroup": 55,
        "AnchorId": 1,
        "DefaultLoadBasicGroup": [
            54,
            55
        ],
        "DefaultLoadGroup": [
            56,
            78
        ]
    },
    {
        "EntranceId": 8020401,
        "RoomPrefix": 122,
        "BlockType": "Empty",
        "AnchorGroup": 64,
        "AnchorId": 1,
        "DefaultLoadBasicGroup": [
            54,
            64
        ]
    },
    {
        "EntranceId": 8020401,
        "RoomPrefix": 122,
        "BlockType": "MonsterNormal",
        "AnchorGroup": 88,
        "AnchorId": 1,
        "DefaultLoadBasicGroup": [
            54,
            88
        ],
        "DefaultLoadGroup": [
            89
        ],
        "SubMonsterGroup": [
            90
        ]
    },
    {
        "EntranceId": 8020201,
        "RoomPrefix": 300,
        "BlockType": "MonsterBoss",
        "AnchorGroup": 13,
        "AnchorId": 1,
        "DefaultLoadBasicGroup": [
            12,
            13
        ],
        "DefaultLoadGroup": [
            53
        ]
    },
    {
        "EntranceId": 8020201,
        "RoomPrefix": 300,
        "BlockType": "Respite",
        "AnchorGroup": 16,
        "AnchorId": 1,
        "DefaultLoadBasicGroup": [
            15,
            16
        ],
        "DefaultLoadGroup": [
            17
        ]
    },
    {
        "EntranceId": 8020201,
        "RoomPrefix": 300,
        "BlockType": "Trade",
        "AnchorGroup": 19,
        "AnchorId": 1,
        "DefaultLoadBasicGroup": [
            18,
            19
        ],
        "DefaultLoadGroup": [
            20,
            73
        ]
    },
    {
        "EntranceId": 8020201,
        "RoomPrefix": 300,
        "BlockType": "MonsterNormal",
        "AnchorGroup": 22,
        "AnchorId": 1,
        "DefaultLoadBasicGroup": [
            21,
            22
        ],
        "DefaultLoadGroup": [
            23
        ],
        "SubMonsterGroup": [
            24,
            25
        ]
    },
    {
        "EntranceId": 8020201,
        "RoomPrefix": 300,
        "BlockType": "MonsterNormal",
        "AnchorGroup": 27,
        "AnchorId": 1,
        "DefaultLoadBasicGroup": [
            26,
            27
        ],
        "DefaultLoadGroup": [
            28
        ],
        "SubMonsterGroup": [
            29,
            30
        ]
    },
    {
        "EntranceId": 8020201,
        "RoomPrefix": 300,
        "BlockType": "Event",
        "AnchorGroup": 32,
        "AnchorId": 1,
        "DefaultLoadBasicGroup": [
            31,
            32
        ],
        "DefaultLoadGroup": [
            33
        ],
        "DoubleEventLoadGroup": [
            75,
            76
        ],
        "SelectEventLoadGroup": [
            77,
            78,
            79
        ]
    },
    {
        "EntranceId": 8020201,
        "RoomPrefix": 300,
        "BlockType": "MonsterNormal",
        "AnchorGroup": 32,
        "AnchorId": 1,
        "DefaultLoadBasicGroup": [
            31,
            32
        ],
        "DefaultLoadGroup": [
            34
        ]
    },
    {
        "EntranceId": 8020201,
        "RoomPrefix": 300,
        "BlockType": "MonsterNormal",
        "AnchorGroup": 59,
        "AnchorId": 1,
        "DefaultLoadBasicGroup": [
            31,
            59
        ],
        "DefaultLoadGroup": [
            60
        ],
        "SubMonsterGroup": [
            61
        ]
    },
    {
        "EntranceId": 8020201,
        "RoomPrefix": 300,
        "BlockType": "Empty",
        "AnchorGroup": 36,
        "AnchorId": 1,
        "DefaultLoadBasicGroup": [
            31,
            36
        ]
    },
    {
        "EntranceId": 8020201,
        "RoomPrefix": 300,
        "BlockType": "MonsterElite",
        "AnchorGroup": 37,
        "AnchorId": 1,
        "DefaultLoadBasicGroup": [
            31,
            37
        ],
        "DefaultLoadGroup": [
            38
        ]
    },
    {
        "EntranceId": 8020201,
        "RoomPrefix": 300,
        "BlockType": "Event",
        "AnchorGroup": 40,
        "AnchorId": 1,
        "DefaultLoadBasicGroup": [
            39,
            40
        ],
        "DefaultLoadGroup": [
            41
        ]
    },
    {
        "EntranceId": 8020201,
        "RoomPrefix": 300,
        "BlockType": "MonsterNormal",
        "AnchorGroup": 40,
        "AnchorId": 1,
        "DefaultLoadBasicGroup": [
            39,
            40
        ],
        "DefaultLoadGroup": [
            42
        ]
    },
    {
        "EntranceId": 8020201,
        "RoomPrefix": 300,
        "BlockType": "Empty",
        "AnchorGroup": 43,
        "AnchorId": 1,
        "DefaultLoadBasicGroup": [
            39,
            43
        ]
    },
    {
        "EntranceId": 8020201,
        "RoomPrefix": 300,
        "BlockType": "MonsterNormal",
        "AnchorGroup": 44,
        "AnchorId": 1,
        "DefaultLoadBasicGroup": [
            39,
            44
        ],
        "DefaultLoadGroup": [
            54
        ],
        "SubMonsterGroup": [
            55
        ]
    },
    {
        "EntranceId": 8020201,
        "RoomPrefix": 300,
        "BlockType": "Event",
        "AnchorGroup": 47,
        "AnchorId": 1,
        "DefaultLoadBasicGroup": [
            46,
            47
        ],
        "DefaultLoadGroup": [
            48
        ]
    },
    {
        "EntranceId": 8020201,
        "RoomPrefix": 300,
        "BlockType": "MonsterNormal",
        "AnchorGroup": 47,
        "AnchorId": 1,
        "DefaultLoadBasicGroup": [
            46,
            47
        ],
        "DefaultLoadGroup": [
            49
        ]
    },
    {
        "EntranceId": 8020201,
        "RoomPrefix": 300,
        "BlockType": "Event",
        "AnchorGroup": 62,
        "AnchorId": 1,
        "DefaultLoadBasicGroup": [
            46,
            62
        ],
        "DefaultLoadGroup": [
            80
        ],
        "DoubleEventLoadGroup": [
            81,
            82
        ],
        "SelectEventLoadGroup": [
            83,
            84
        ]
    },
    {
        "EntranceId": 8020201,
        "RoomPrefix": 300,
        "BlockType": "MonsterNormal",
        "AnchorGroup": 62,
        "AnchorId": 1,
        "DefaultLoadBasicGroup": [
            46,
            62
        ],
        "DefaultLoadGroup": [
            63
        ]
    },
    {
        "EntranceId": 8020201,
        "RoomPrefix": 300,
        "BlockType": "Empty",
        "AnchorGroup": 50,
        "AnchorId": 1,
        "DefaultLoadBasicGroup": [
            46,
            50
        ]
    },
    {
        "EntranceId": 8020201,
        "RoomPrefix": 300,
        "BlockType": "MonsterElite",
        "AnchorGroup": 51,
        "AnchorId": 1,
        "DefaultLoadBasicGroup": [
            46,
            51
        ],
        "DefaultLoadGroup": [
            52
        ]
    },
    {
        "EntranceId": 8020201,
        "RoomPrefix": 300,
        "BlockType": "Trade",
        "AnchorGroup": 57,
        "AnchorId": 1,
        "DefaultLoadBasicGroup": [
            56,
            57
        ],
        "DefaultLoadGroup": [
            58,
            74
        ]
    },
    {
        "EntranceId": 8020201,
        "RoomPrefix": 300,
        "BlockType": "Event",
        "AnchorGroup": 65,
        "AnchorId": 1,
        "DefaultLoadBasicGroup": [
            64,
            65
        ],
        "DefaultLoadGroup": [
            66
        ]
    },
    {
        "EntranceId": 8020201,
        "RoomPrefix": 300,
        "BlockType": "MonsterNormal",
        "AnchorGroup": 65,
        "AnchorId": 1,
        "DefaultLoadBasicGroup": [
            64,
            65
        ],
        "DefaultLoadGroup": [
            67
        ]
    },
    {
        "EntranceId": 8020201,
        "RoomPrefix": 300,
        "BlockType": "Event",
        "AnchorGroup": 68,
        "AnchorId": 1,
        "DefaultLoadBasicGroup": [
            64,
            68
        ],
        "DefaultLoadGroup": [
            69
        ]
    }
]