{
    "10001": [4, 6, 19, 57, 64, 107, 110, 111, 112, 14, 8, 14, 62, 68],
    "10002": [118, 104, 7, 1, 13, 115, 123, 113, 4, 6, 19, 57, 64, 107, 110, 111, 112, 14, 8, 14, 62, 68],
    "10003": [71, 70],
    "10010": [],
    "11009": [60],
    "11010": [59],
    "11012": [],
    "11014": [],
    "11015": [],
    "11016": [],
    "11013": [],
    "11042": [],
    "12000": [],
    "20001": [],
    "20002": [],
    "20003": [],
    "20005": [],
    "20008": [],
    "20009": [],
    "21002": [],
    "21003": [],
    "21004": [],
    "21006": [],
    "21007": [],
    "21008": [],
    "21009": [],
    "21010": [],
    "22000": [],
    "30001": [],
    "30002": [],
    "30003": [],
    "30005": [],
    "30010": [],
    "30012": [],
    "31004": [],
    "31005": [],
    "31006": [],
    "31059": [],
    "31060": [],
    "31113": [],
    "31121": [],
    "31122": [],
    "31208": [],
    "31209": [],
    "32000": [],
    "32020": [],
    "32030": [],
    "32050": [],
    "32060": [],
    "32070": []
}